{"stats":{"minecraft:dropped":{"minecraft:pointed_dripstone":1},"minecraft:mined":{"minecraft:oak_log":3},"minecraft:crafted":{"minecraft:oak_planks":4,"minecraft:crafting_table":1},"minecraft:picked_up":{"minecraft:oak_log":3,"minecraft:pointed_dripstone":1},"minecraft:used":{"minecraft:crafting_table":1},"minecraft:custom":{"minecraft:time_since_rest":1157,"minecraft:crouch_one_cm":487,"minecraft:play_time":20869,"minecraft:sprint_one_cm":22054,"minecraft:deaths":2,"minecraft:walk_one_cm":15060,"minecraft:sneak_time":245,"minecraft:walk_under_water_one_cm":9009,"minecraft:drop":1,"minecraft:jump":87,"minecraft:walk_on_water_one_cm":1352,"minecraft:leave_game":2,"minecraft:time_since_death":1080,"minecraft:climb_one_cm":222,"minecraft:total_world_time":20869,"minecraft:interact_with_crafting_table":8,"minecraft:fall_one_cm":538,"minecraft:fly_one_cm":20073}},"DataVersion":3953}