{"stats":{"minecraft:crafted":{"minecraft:oak_planks":4},"minecraft:used":{"minecraft:oak_log":7,"minecraft:oak_leaves":27,"minecraft:brewing_stand":1,"minecraft:terracotta":1,"minecraft:crafting_table":1,"minecraft:furnace":1,"minecraft:oak_sapling":2,"minecraft:grass_block":31,"minecraft:blast_furnace":1,"minecraft:coarse_dirt":31,"minecraft:orange_terracotta":2,"minecraft:bone_meal":5},"minecraft:custom":{"minecraft:interact_with_furnace":1,"minecraft:time_since_rest":17887,"minecraft:crouch_one_cm":14,"minecraft:deaths":1,"minecraft:play_time":27915,"minecraft:sprint_one_cm":23958,"minecraft:damage_taken":88,"minecraft:walk_one_cm":25936,"minecraft:sneak_time":262,"minecraft:jump":184,"minecraft:interact_with_brewingstand":4,"minecraft:damage_dealt":40,"minecraft:interact_with_blast_furnace":2,"minecraft:leave_game":1,"minecraft:time_since_death":17832,"minecraft:total_world_time":27915,"minecraft:interact_with_crafting_table":13,"minecraft:fall_one_cm":1503,"minecraft:fly_one_cm":37424},"minecraft:mined":{"minecraft:oak_log":2,"minecraft:oak_leaves":3},"minecraft:picked_up":{"minecraft:coarse_dirt":6,"minecraft:stick":1,"minecraft:orange_terracotta":1,"minecraft:rotten_flesh":3,"minecraft:oak_log":3,"minecraft:oak_sapling":4,"minecraft:oak_leaves":1,"minecraft:dirt":6}},"DataVersion":3953}