{"stats":{"minecraft:mined":{"minecraft:oak_log":1},"minecraft:crafted":{"minecraft:crafting_table":1,"minecraft:oak_planks":4},"minecraft:picked_up":{"minecraft:oak_log":1,"minecraft:pointed_dripstone":1},"minecraft:used":{"minecraft:crafting_table":1},"minecraft:custom":{"minecraft:jump":84,"minecraft:time_since_rest":555,"minecraft:leave_game":1,"minecraft:deaths":1,"minecraft:walk_on_water_one_cm":997,"minecraft:crouch_one_cm":428,"minecraft:sprint_one_cm":20741,"minecraft:play_time":16461,"minecraft:time_since_death":518,"minecraft:walk_one_cm":13891,"minecraft:climb_one_cm":222,"minecraft:sneak_time":194,"minecraft:total_world_time":16461,"minecraft:walk_under_water_one_cm":7396,"minecraft:interact_with_crafting_table":8,"minecraft:fall_one_cm":538,"minecraft:fly_one_cm":19643}},"DataVersion":3953}