{"stats":{"minecraft:mined":{"minecraft:oak_log":8,"minecraft:sugar_cane":5,"minecraft:oak_leaves":6},"minecraft:killed":{"minecraft:sheep":1},"minecraft:picked_up":{"minecraft:oak_log":8,"minecraft:apple":2,"minecraft:sugar_cane":13,"minecraft:mutton":2,"minecraft:white_wool":1},"minecraft:custom":{"minecraft:jump":40,"minecraft:time_since_rest":7323,"minecraft:damage_dealt":80,"minecraft:crouch_one_cm":1037,"minecraft:play_time":7323,"minecraft:leave_game":2,"minecraft:sprint_one_cm":13783,"minecraft:walk_on_water_one_cm":95,"minecraft:time_since_death":7323,"minecraft:walk_one_cm":3402,"minecraft:sneak_time":501,"minecraft:total_world_time":7323,"minecraft:mob_kills":1,"minecraft:fall_one_cm":1523,"minecraft:fly_one_cm":8753}},"DataVersion":3953}